{
	"credit": "Made with Blockbench",
	"parent": "minecraft:item/handheld",
	"textures": {
		"layer0": "item/netherite_sword"
	},
	"gui_light": "front",
	"display": {
		"thirdperson_righthand": {
			"rotation": [45, 90, 0],
			"translation": [0, 15.25, 1.25],
			"scale": [2, 2, 1]
		},
		"thirdperson_lefthand": {
			"rotation": [-14, 90, 132],
			"translation": [0, -12.25, 4],
			"scale": [2, 2, 1]
		},
		"firstperson_righthand": {
			"rotation": [7.43, -85.66, 40.34],
			"translation": [2, 6, 0],
			"scale": [1.1, 1.1, 0.57391]
		},
		"firstperson_lefthand": {
			"rotation": [85.33, 80.81, 26.6],
			"translation": [0.25, -4.75, 4],
			"scale": [1.2, 1.2, 0.75]
		},
		"ground": {
			"translation": [0, 4.75, 0],
			"scale": [1, 1, 0.5]
		},
		"gui": {
			"translation": [1.75, 1.75, 0],
			"scale": [1.1875, 1.1875, 1.1875]
		},
		"fixed": {
			"translation": [4, 6, -0.5],
			"scale": [3, 3, 1]
		}
	}
}